,"Austria","Belgium","Bulgaria","Croatia","Cyprus","Czech Republic","Denmark","Estonia","Finland","France","Germany","Greece","Hungary","Iceland","Ireland","Italy","Latvia","Lithuania","Luxembourg","Malta","Netherlands","Norway","Poland","Portugal","Romania","Slovakia","Slovenia","Spain","Sweden","Switzerland","UK"
"urb_2009","3,9","9,9","NA","NA","NA","4,3","6,4","1,8","1,5","5,1","6,8","2,9","3,6",0,"3,7","6,6","1,5","2,6","8,9","NA","10,8",0,"3,2","5,1","NA","2,6",3,"3,2","1,5",0,6
"urb_2010","3,99999999999997","10,1999999999999","NA","NA","NA","4,33333333333332","6,49999999999997","1,83333333333334","1,53333333333333","5,13333333333333","6,89999999999998","3,03333333333336","3,66666666666669",0,"3,73333333333332","6,66666666666667","1,53333333333333","2,63333333333334","9,16666666666674","NA","11,0333333333333",0,"3,23333333333332","5,13333333333333","NA","2,66666666666669","3,06666666666666","3,23333333333332","1,5",0,"6,06666666666668"
"urb_2011","4,09999999999997","10,4999999999999","NA","NA","NA","4,36666666666667","6,59999999999999","1,86666666666667","1,56666666666666","5,16666666666667",7,"3,16666666666669","3,73333333333335",0,"3,76666666666665","6,73333333333333","1,56666666666666","2,66666666666667","9,43333333333339","NA","11,2666666666667",0,"3,26666666666665","5,16666666666667","NA","2,73333333333335","3,13333333333333","3,26666666666665","1,5",0,"6,13333333333334"
"urb_2012","4,2","10,8","1,7","NA","5,1","4,4","6,7","1,9","1,6","5,2","7,1","3,3","3,8",0,"3,8","6,8","1,6","2,7","9,7","23,8","11,5",0,"3,3","5,2",2,"2,8","3,2","3,3","1,5",0,"6,2"
"urb_2013","4,23333333333333",11,"1,73333333333332","NA","5,20000000000002","4,46666666666667","6,76666666666665","1,93333333333332","1,6","5,26666666666665","7,20000000000002","3,33333333333332","3,90000000000001",0,"3,8","6,83333333333334","1,6","2,73333333333333","9,73333333333332","23,7666666666667","11,7",0,"3,36666666666665","5,23333333333333","2,06666666666663","2,86666666666665","3,23333333333333","3,33333333333332","1,53333333333332",0,"6,30000000000001"
"urb_2014","4,26666666666667","11,2","1,76666666666665","NA","5,30000000000001","4,53333333333333","6,83333333333331","1,96666666666665","1,6","5,33333333333331","7,30000000000001","3,36666666666665",4,0,"3,8","6,86666666666667","1,6","2,76666666666667","9,76666666666665","23,7333333333333","11,9",0,"3,43333333333331","5,26666666666667","2,1333333333333","2,93333333333331","3,26666666666667","3,36666666666665","1,56666666666665",0,"6,40000000000001"
"urb_2015","4,3","11,4","1,8","3,7","5,4","4,6","6,9",2,"1,6","5,4","7,4","3,4","4,1",0,"3,8","6,9","1,6","2,8","9,8","23,7","12,1",0,"3,5","5,3","2,2",3,"3,3","3,4","1,6",0,"6,5"
"urb_2016","4,26666666666667","11,5","1,9666666666667","3,5333333333333","5,66666666666674","4,53333333333333","6,9","1,89999999999998","1,63333333333334","5,46666666666667","7,46666666666667","3,60000000000002","4,06666666666666",0,"3,93333333333334","6,80000000000001","1,63333333333334","2,56666666666666",9,"24,9666666666667","12,2666666666667",0,"3,53333333333334","5,66666666666663","2,40000000000003","3,13333333333333","3,63333333333333","3,5","1,66666666666669",0,"6,46666666666667"
"urb_mean","4,15833333333333","10,8125","1,79333333333333","3,61666666666665","5,33333333333335","4,44166666666666","6,69999999999999","1,9","1,57916666666667","5,25833333333333","7,14583333333333","3,26250000000001","3,85833333333334",0,"3,79166666666666","6,775","1,57916666666667","2,68333333333333","9,43750000000001","23,9933333333333","11,5708333333333",0,"3,35416666666666","5,25833333333333","2,15999999999999","2,84166666666666","3,22916666666666","3,32499999999999","1,54583333333333",0,"6,25833333333334"
"d_urb","0,014041514041515","0,023448773448775","NA","NA","NA","0,009782207456627","0,011656746031747","0,012345679012344","0,010846560846562","0,010426392779335","0,014297385620916","0,030240831964971","0,02094356261023",0,"0,006649506649507","0,005411255411256","0,010846560846562","0,004273504273504","0,006554307116104","NA","0,019510582010584",0,"0,015749007936509","0,011982570806101","NA","0,027777777777778","0,0239417989418","0,012152777777779","0,015079365079367",0,"0,012566137566138"
"temp_1950","6,75664712925406","9,63596033018661","11,6375754067671","12,0480943379864","17,6006280855201","7,97284444805071","8,46516672933203","5,12679322788671","2,18426109996181","10,7729955601199","8,60567412118429","14,7755437424771","11,2279331079428","1,35976316560282","9,03381894966758","12,7208130429114","5,71905589884161","6,26719749794632","8,7592625617981","NA","9,50981923022301","1,4347656785878","7,95114930225092","15,1210763759572","11,4721754393152","8,41560830834771","9,55978578252342","13,5944257837405","2,43380161587651","5,34922459961618","8,55841955219319"
"temp_1951","6,85024705475304","9,60712573121826","11,4370691396188","12,1132510969716","18,0199892109838","8,21261755139334","8,45659997972668","4,95062797346621","1,38279180349759","10,410598856018","8,75922087526654","14,549447507039","11,3720028236292","0,78979551859592","8,79353354898541","12,3904975613904","5,58835716610096","6,37030090894855","8,75927460193634","18,4598698616028","9,56205315267858","0,840373187291619","8,37207165334334","14,52540862793","11,3742585326184","8,67138426056525","9,75096160966439","12,5122251414025","1,85957856442951","5,07121380865384","8,38505341538296"
"temp_1952","5,83810130756036","9,10115232176453","11,6697926041393","11,4889781190503","18,141605245656","7,133336431025","7,48458145092695","4,28205296777755","1,0005544383471","10,5750192506448","7,96281534628406","15,040184444542","10,5730956676214","1,15919643646375","8,9627607779816","12,4117150249636","4,93247886998097","5,47593439758801","8,18505957722664","19,1594672203064","8,91404399373173","0,140597571400345","7,0721824716744","14,8140392417246","10,9816772974428","7,33019044311071","8,83341933115357","13,0660741089511","1,02334739220176","5,36546978096701","8,29569505661808"
"temp_1953","6,61595235601581","9,75386008536846","10,3301766435113","10,9956375406634","16,9121237568472","8,06206012331139","9,01210032569038","5,52926270965182","2,63738037310596","10,6229315010852","9,00617763899384","13,5043829495555","10,4413599302803","2,29557338603487","9,59859680231216","12,1397764356032","5,91003472701801","6,49004015375356","8,89126256108284","18,2357802391052","9,76950865893063","2,4106338890051","8,19654736082417","15,4565512259974","10,3107534180099","7,85864084695472","9,01246977773347","13,2918034076962","3,53098852155768","5,34803399173923","9,18925385368806"
"temp_1954","5,31577337604154","8,77786789716958","9,69295587267085","10,2060333544208","17,6964746124443","6,63780245917045","7,76689897928482","4,94345147914148","2,15279623785774","10,0105077805982","7,76090326905251","13,7884100662658","9,38951854904493","1,5886868763677","9,03143114833195","11,654416893437","5,30216149266695","5,79407805406331","7,91956490278244","18,1229104995728","8,99257806391498","1,3149014694658","6,90211924869919","14,6713995333607","9,29273162330576","6,78301449107374","8,07793738043871","12,7911621131756","2,16209722940192","4,58098250853316","8,28803335320064"
"temp_1955","5,51960437452168","8,65308593915012","10,6527904456364","10,6976912006255","18,1186857442746","6,58437199305808","7,73370824879051","4,305483009415","-0,464183823987057","10,5239999801767","7,58698861730036","14,790631249615","9,78599271653355","1,16436002166332","9,23941001851027","12,2492714825547","5,11937740838515","5,84113069909518","7,88767530024052","19,0198969841003","8,83389295939527","0,087476806842745","7,11025015413471","15,9427584484704","9,87639335513464","6,91920798251621","8,43174793791873","13,9346458687109","0,850638381477961","4,83618943920473","8,3512865417491"
"temp_1956","4,84894828484886","8,04135865291566","9,46993065329086","9,76290157302733","17,4214895511496","5,87411068922154","7,04245988487178","3,41404970954446","-0,434978261372867","9,24114225816795","6,89612725806174","13,7165907205875","8,93810588380565","1,97396288935066","9,07047012830063","11,2689035515117","3,91729337562352","4,53191365700602","7,19833572208881","17,977322101593","8,14392056496315","0,317728135746669","6,00173826064432","13,8919282549115","8,8407241134832","6,20053317038608","7,81240724391692","11,9329647581794","0,71020471220055","3,74356408995785","8,08479620665175"
"temp_1957","6,41806004103831","9,67008597250203","10,6400164739137","11,1869018254742","17,8561150890657","7,65513576182872","8,26735792486077","5,54622589464338","1,78165524132944","10,5878084905281","8,59405734490142","14,2952561824833","10,3763810145682","1,6546275067637","9,73180962994743","12,1642350415999","6,31724868178242","6,96253458294061","8,73436200618744","18,2665886878967","9,83883180181965","1,33274143482329","7,994233212081","14,8024558203856","10,4111526627666","7,79192821428078","9,22388796335638","12,8902287885846","2,28632277384065","5,22175704976354","8,99971592655759"
"temp_1958","6,53153896480455","9,23803742726644","11,2902344849183","11,4667146244357","17,852601950196","7,38744075072286","7,42722923735268","4,25293348783058","0,19709208670511","10,4800249228294","8,24095129124157","14,3538777944341","10,6033040125301","1,28322538294788","9,35376863972363","12,2032579953841","5,17210178063059","5,88861137921693","8,44772155582905","18,6875200271606","9,36591616279419","0,445830611378359","7,53243576725827","14,8177310918779","10,8138813959383","7,7280065451755","9,34499302442493","13,2819846846849","1,35425612869878","5,38107608836524","8,44301369850912"
"temp_1959","6,81178762026302","10,2123961654935","9,92865388390523","11,0259770808681","16,9930022557576","7,91020437215325","8,78478060013209","5,839354794884","2,3703080109547","11,3319143915756","9,075133010511","13,1764844753971","10,4752937071565","1,74642767246955","9,97296442231013","12,1800381486769","6,40394228187005","6,9553660575158","9,66792953014374","18,4576840400696","10,1571525332715","2,20017384945141","8,16747300638776","14,946985279919","9,91925825551698","7,78839833456643","9,32473812287457","13,1852033884857","3,3128410924154","6,03961199105014","9,42047405330333"
"temp_1960","6,28533178944598","9,46152073008414","11,2160810212966","11,1287188676096","18,3391924014037","7,38584382308003","7,76846361078768","4,73760182922506","1,63116710396786","10,4640821221152","8,41810551129711","14,437471849189","10,4910484859045","2,12746385595242","9,20515576527886","12,1061633149546","5,44544640967058","6,00118613321273","8,6576731801033","19,0832033157349","9,61505186999286","1,24184500776124","7,66278079091168","14,6564885861444","10,7757795331768","7,8039643600279","9,0854580709351","12,8917296997122","1,96228616839494","5,11400122869076","8,60728945143537"
"temp_1961","6,97103799557027","9,93040383802419","10,7997678981887","11,4527288083107","17,505850265766","7,94943710010229","8,55680640864576","6,42219225884852","2,83936954006014","11,3252238727928","8,94890467637913","14,1809596340406","10,9961102328439","1,61435440964523","9,3653811079052","12,7242811592056","6,80430929008734","6,97894092361784","9,22382777929306","19,0034584999084","9,84951160364421","1,88979943009188","8,20357401403503","15,7429389808804","9,29529272310032","8,09734409317678","9,07805516484469","13,8715925665797","3,01097781867361","6,24317011055679","8,73691338863425"
"temp_1962","5,20172679063933","8,01868013449904","10,939813428071","10,0370168762822","18,1704555599169","6,35458142677214","7,06998481098403","4,55276616095128","0,644370414964973","9,6964053715396","7,16772829427873","14,3765848651869","9,6774825691313","1,1149656430871","8,61186293970525","11,776224116957","5,01376196801851","5,52286008563849","7,35568565130234","18,8282809257507","8,08514651338","0,156523411364915","6,77228525295462","14,9686317433504","8,78136154562017","6,7511129245973","7,42108429143357","13,0814819871725","1,06939530435607","4,35363333067115","7,64940888540045"
"temp_1963","5,60816445428889","7,78091677454592","10,4299175230585","10,239783283972","17,8666709044884","6,53098836611049","6,68488841342111","4,11008591255122","1,09819314568876","9,3356881120477","7,15176919997259","14,3113989107866","9,60041067090587","1,16781748970135","8,41204742774512","11,7555999055954","4,64692440455919","5,41337946698965","7,21863168478012","18,7438626289368","7,78516097058398","1,03167815744351","6,72893259529942","14,6321742622558","8,54413602371342","6,82214784614907","7,83333404893016","12,613871616634","1,83835797657723","4,4180850041384","7,49741988585624"
"temp_1964","6,07534984774523","9,08611131867076","10,2957961802129","10,2229875572266","16,8011785046808","6,95186788275094","7,47447641405285","5,03091783605655","1,67288054667451","10,4312075500654","8,12609773910691","13,5942171922739","9,52741692247598","2,09097868799394","9,39408200831665","12,1273414872551","5,45111640378314","5,77677508182213","8,538295596838","18,6066799163818","9,06506486863612","1,42881354476461","7,18320927778377","15,0714684567069","8,33682781068464","6,96977620799931","8,05907378994856","13,3511051696072","2,43701540257901","5,50757247804075","8,39899828453658"
"temp_1965","5,37436110354837","8,61659758812902","10,2091361873584","10,3020090080077","17,4358944838074","6,40900302370754","7,01267306743524","4,39362573350006","0,63868801558899","9,95443768104123","7,53221969912398","13,5995311279819","9,35544706211574","0,894503360552015","8,69070498832974","11,5684604933151","4,74633207366484","5,1129325053731","7,79976603388786","18,4084038734436","8,66757504456963","0,23746134229072","6,58234102877461","14,7130578562391","8,19035896626172","6,35242194193257","7,71198041346963","12,9071495051142","1,18390965772007","4,32830720576054","7,81664184667341"
"temp_1966","6,53713142663192","9,49941664858325","11,5578780782779","11,1704575369435","18,2240300781425","7,87060491559945","7,28008373374613","3,98817251573505","-0,445559426151244","10,6986667902148","8,51684844873546","14,589127887511","10,7905123700266","0,437105551378854","9,25574066307881","12,1490156189451","5,10593406930015","5,99719183562232","8,84122239053249","18,1097531318665","9,38556043462816","-0,288143953434258","7,93532123723536","14,9850368696283","9,67274393453256","8,12503038782652","8,89691918806968","13,1617139010482","0,561622836507719","5,23677649716181","8,17715573114173"
"temp_1967","6,70792539382424","9,51803748783568","10,5175153969183","10,9985509303308","17,1485639111749","8,01302563767428","8,49465814900194","5,3225982582552","1,70761984212886","10,5985094935628","8,91939416449732","13,7462861189559","10,6297839599243","0,407908586206191","9,11241108377988","12,3176956597624","6,08965992650613","6,81773886289753","8,79048696160316","18,3093147277832","9,87870512237216","1,21798277075839","8,51319913872261","14,6418932068632","9,0796284684325","7,98409112963547","8,74447660180121","12,9027525816664","2,20147982435384","5,36701196014824","8,56623087357644"
"temp_1968","6,15916047298429","8,86285626918608","10,9143215494647","10,7847985936749","17,5519724659536","7,30977702651184","7,84467257638263","4,58822695151976","0,179206599412481","10,2306324996338","8,14474043853412","13,984248167485","10,4679797602736","0,413087651785025","9,19942714323654","11,9375013875446","5,17259906539192","5,73225025010239","8,09673820436001","18,49848985672","9,09868115069819","0,290377818145401","7,66300162275439","14,8990735728415","9,19856596123945","7,63631670065478","8,27122416414416","13,1424270409249","1,19958869337699","4,99603909504723","8,23600639912319"
"temp_1969","5,92150562073223","9,14975443929813","10,0803938340066","10,2768913384407","17,624221407134","6,93708995844368","7,42443158728445","3,66126219682406","0,389215173057033","10,2296806329841","7,78352991256206","13,9787510286909","9,8140641524308","0,204869385777395","8,98388860402759","11,6651146497607","4,11806934436246","4,54316328079974","8,30199471116066","18,0883078575134","9,15002804592025","0,754745606924481","6,55553022314302","14,2885927192043","8,19997557670445","7,16590076725499","7,87937190297336","12,3970660685319","1,32406974428033","4,75102003618923","8,18856054047288"
"temp_1970","5,73545958376499","9,08401430290164","10,7212716608808","10,537169231907","17,4518635300384","6,87310677274651","7,08975569651677","4,20459309062109","1,01667116861408","10,3091254821203","7,7275247943651","14,0144839776705","9,92678504750348","0,478163140400329","9,26938136247567","11,9323181337068","4,84458197359047","5,15612869523262","8,2377053052187","18,2246432304382","9,05119751117848","0,593799648690077","6,85681151255544","14,6643225582975","8,82551346188016","7,15077662224672","8,06264008677569","12,8740142634627","1,30806843005162","4,70173654525484","8,40850724162875"
"temp_1971","6,39211581689222","9,30193556720064","10,3342560078115","10,565681269861","17,0011323073815","7,50479343202379","8,26044374286619","5,38172075703975","0,534664873721508","10,2668004814286","8,46466415215537","13,4632043618953","10,2667241735735","0,732501388699397","9,71524041024938","11,9486136362422","6,15114287866836","6,5568073892854","8,53738857805729","18,0132732391357","9,55310451698719","0,915207360865323","7,9166835098443","14,0125360706106","8,83819151860641","7,55407148640172","8,16966035642337","12,173095841721","1,89702496386053","5,26351623038087","8,82884197471122"
"temp_1972","6,03224179988166","8,84050308353725","10,3267022464394","10,5883590090659","17,2057309315122","7,23538316401988","7,84344095409426","5,76995150704295","2,65097948456763","9,92162591070251","7,80965623842068","13,4906441419636","10,4071856313857","2,03927085154621","8,83653187058842","11,8193707851407","6,25240849794027","6,61943085675682","7,98649311065674","18,196891784668","8,90322818215896","1,93072859880918","7,55547496748992","13,6835247518701","8,96906812868652","7,72273019503574","7,93777685410987","11,8407278339273","2,80226773626886","4,81219350186994","8,20765266293165"
"temp_1973","5,97097189483331","9,20711792880342","9,98675148105084","10,4292366450833","17,8689584622438","7,25771357378828","8,245190924457","5,44013792404656","1,29479132005707","10,2147687753312","8,24591790529758","13,6206556738239","10,0197399465934","0,52199765175635","9,5170119216804","11,9377375185543","6,017794139282","6,47383148683225","8,44620449841022","18,0603213310242","9,41376059663062","1,08377920782063","7,62924390706255","14,534847185048","8,33123833762474","7,37818486441155","7,87914767797413","12,5735043579997","2,27871462261266","4,84683204674903","8,5073064594432"
"temp_1974","6,52993403828773","9,52909156445025","10,3899299013826","10,8846927973532","17,7194651899667","7,96059549644696","8,54136560391157","6,17885546294312","3,16932713565455","10,4805683468094","8,83672288054987","13,5476380494087","10,6368315107581","1,80739336778207","9,11078853781693","11,9155518412287","6,53357585103358","6,81066860866026","8,79070185124874","17,7125201225281","9,69286998840199","2,16154588377076","8,02049140044522","14,3640603574393","8,78237267897777","8,01924746275759","8,58883960154947","12,4621286417263","3,18116226899513","5,08964674865865","8,47349524111912"
"temp_1975","6,65991183514186","9,53096538888286","10,7948938651361","11,0940130118401","17,5427685770495","8,04391889640194","8,97335404453115","6,86501492113089","2,5954629006884","10,4040917090966","8,96829101796966","13,6546880465846","10,8104108373324","0,769827775263887","9,72960391008687","12,1401161465914","7,4920642554697","7,90696777020647","8,92461359500885","18,4084100723267","9,79774304516695","1,79457891914521","8,70186645843038","14,3738536524411","9,32887985359872","8,28301378679113","8,69927183343617","12,5377604909938","3,40416388041686","5,32624516549463","8,86079926203778"
"temp_1976","6,09699718714896","9,73884718290722","9,56730134632804","10,0967555023009","17,2413883647699","7,34707845824939","7,74915168142726","3,72539046231438","0,014024912727334","10,7321382645687","8,46569130433167","13,025024578633","9,83627939310627","1,62720672021828","9,4641088438496","11,5288572471486","4,32488709719657","4,85228290245181","9,13419550657272","17,3939409255981","9,74996351936024","0,532015113564039","6,87235842510231","14,5670946973523","7,85281834596465","7,27910206005687","7,83977021679858","12,5754093952542","1,38676329562855","5,15418689849083","8,81822411605352"
"temp_1977","6,63554996048693","9,40722423898051","10,754937350366","11,0906350589568","17,6721885615382","7,63266658515619","7,9542337865911","4,6624077823617","0,910910861889631","10,4763312461744","8,68389522072324","14,2058293126308","10,4017442339572","1,08511937885432","9,17601162907382","12,1622548780641","5,41170044609964","5,95641659856494","8,64359059929848","18,4843287467957","9,61272386579991","0,610665219003768","7,83075908525777","14,5205411714484","8,94572984362853","7,8058693309625","8,64826965434357","12,6739484738645","1,63063310576253","5,25264719560058","8,3338318914949"
"temp_1978","5,62148697888795","8,70230062620634","10,032575013317","9,82992262763362","17,8938003846969","6,79670731469639","7,68824884463579","3,82632297867511","-0,121491596012642","10,0056670929691","7,83535880128647","13,4167094597171","9,41088955601056","1,25389893583263","9,29276965945093","11,4972065607765","4,67717355156146","5,30461417651567","7,72262312471867","17,7547874450684","8,91686895989645","0,237035425750675","6,9484680181527","14,806588995224","8,0788832976596","6,79324218265864","7,38149281735072","12,8182635211168","1,02537592154706","4,58515523322763","8,29576277040831"
"temp_1979","6,04118633632121","8,47300550470522","10,6926681916687","10,8964419680257","18,0496264819441","7,22983826652822","6,79759619052594","4,8267852921397","1,26457528258228","10,1633628631176","7,74797349551897","13,7961774173574","10,4506053255088","-0,438823156092352","8,47451004145348","11,8873731959952","5,18035020848388","5,50943513098962","7,83210855722427","18,3007802963257","8,3971487681071","0,27225062576111","7,13462740867721","14,6826094598418","9,05783993895895","7,69558439449388","8,25619794575442","13,0441491874453","1,26311556952742","4,84543814232611","7,65557805194499"
"temp_1980","5,28241900051247","8,72791044948665","9,75149598175393","9,67084682833764","17,4815217927955","6,32566823580214","7,43288424076178","4,43812660609975","0,575012845506442","9,79375179085448","7,62121997422573","13,2676681470653","9,04990360745485","1,31866043030319","9,11271980529966","11,2461781958135","4,74944285555903","4,85189177143118","7,7838488817215","17,5294804573059","9,04867938712791","0,596897186641075","6,35992136388698","14,7835182678156","7,76967625698486","6,24979058876127","7,27800023658081","12,8364139751745","1,20936793964838","4,21084963663633","8,35124514447488"
"temp_1981","6,15945847185994","9,10653436699593","10,5293791984206","10,6717937954011","17,9784051960912","7,47342476835066","7,43251309109549","5,208600662018","0,577236486191002","10,538268914368","8,22549048294988","13,6879328313302","10,376406599646","0,31235981156071","9,24776881939628","11,8354361068479","5,85004326156729","6,12851568597262","8,40164104104042","18,0249037742615","9,26152080751972","-0,168713813823891","7,63894913439161","15,5542490270288","8,79618633377037","7,61675535091737","8,20721928960776","13,5787810008664","1,00307676633028","4,77177115256841","8,18964681478221"
"temp_1982","6,68700031853632","9,7874086916295","10,2572781428239","10,9947466904117","17,2524191648111","7,88680463124002","8,20658368493757","5,55235973834307","1,52463950155315","11,2309897141826","8,94285081964097","13,4726123203789","10,4227583347887","1,04022225094664","9,43674628880873","12,5102015728742","6,10862328107405","6,60799551062245","9,02678400278091","18,5965337753296","9,96633522183287","1,24801256260173","8,18395580753263","15,0810827598655","8,78849611969155","7,87429088779858","8,59372478595619","13,4570074568911","2,363688114352","5,48137645864365","8,75096853370154"
"temp_1983","7,00940913613514","9,79187840784476","10,5056604981998","11,0930800437927","16,9930671933054","8,28406596305295","8,55798031489054","6,29053207654693","1,71095042910236","11,0231818548789","9,11826397403165","13,2764004946118","10,8957284723503","0,50794377493107","9,75573417778549","12,2316728159967","6,92973871190797","7,39259325923815","9,0904398560524","18,0686502456665","10,0374018247351","1,29532070740489","8,80740780741005","15,0178134012119","9,24924426535649","8,35989428539665","8,70379886402081","13,4742268008836","2,52821148594083","5,67490482561062","8,89539586452399"
"temp_1984","5,76600093149325","9,11204969609967","10,2609128743746","10,1717480336466","17,4914537079033","7,07042713802038","8,10719034977448","5,76201765643302","2,17960706969157","10,1974561034229","7,9985980677303","13,5299336710658","9,91236805829449","1,66818610639102","9,34259666128744","11,4365603133044","6,1238285500749","6,44213891889228","8,28002125024796","18,0231761932373","9,28624966357528","1,45650037247966","7,59409598238628","14,4390119596055","8,52047325096381","7,33051491432449","7,73046443697721","12,4248218861596","2,53761969532535","4,38427563471225","8,64413514488376"
"temp_1985","5,75962806457318","8,34590207044102","10,2058913893938","10,2134481553108","17,6849059620123","6,56107573115498","6,74596396878234","3,69753852704676","-0,748676954160938","9,94608054969939","7,48694330635911","14,0369181952339","9,28642282451409","1,19920314694648","8,71500781021282","12,1769206230639","4,29516568632035","4,73783416539593","7,51766765117645","18,6754379272461","8,40162214474481","-0,167949569805794","6,55637028386786","15,0178362635366","7,769203828765","6,61676166976998","7,77965362798503","13,3275174189137","0,067610123263164","4,64344999855004","7,86285905331018"
"temp_1986","6,20535733924983","8,85041843661825","10,4307962378634","10,4404788594092","17,6734413497749","7,2738207645494","7,34034771470942","5,01394749713936","0,909853502175933","10,2337455586023","8,00985937624078","13,7798539899074","10,0304376694603","1,30943895952321","8,36130229418193","12,23055629533","5,55149639496204","5,86571331910097","8,04521302878857","18,3480067253113","8,85569824476388","0,532425322908246","7,3383214126079","14,5840496396294","8,89454160480164","7,4327198552842","7,97886277063722","13,0071294785268","1,5646136757271","4,89466363356582","7,75163711934799"
"temp_1987","6,03070871198379","8,68745033006935","10,1887126485315","10,4457350192531","17,3501513908649","6,66862041189522","6,89327135656634","3,36973813206086","-0,47538536243951","10,2847205028078","7,45567675218324","13,6798995386701","9,66344994738482","2,39207718193311","9,10666192642968","12,2756530569283","3,96131144833791","4,3756863203205","7,79880553483963","18,7948141098022","8,67552295385623","0,109034879704108","6,33637836682878","15,5132495338125","8,24394221241091","6,94742026428382","8,04961931142684","13,6653971565081","0,730453462696683","4,95747604925204","8,07957089060204"
"temp_1988","6,80158440348601","10,0781379364829","10,4557584837055","11,0455531774029","17,5998291037549","7,98444348081536","8,76690806527423","5,742464767467","1,55916302836212","11,081202304843","9,08978014393835","13,9003675488395","10,3498801843844","0,979551759126175","9,5110092779022","12,6608766415085","6,19606171439794","6,4836096284168","9,18177151679993","19,2488040924072","10,1995572212735","1,19756350112094","8,1179065590592","14,8806584869186","8,79541385463967","7,77112474915933","8,74404705645189","13,2946968455966","2,38640063123332","5,63688139272093","8,80559042947503"
"temp_1989","7,27060321301915","10,502039991869","10,8212524304067","11,1366207345839","17,654681424985","8,42135208948429","9,44856678889348","7,22994556454367","3,45121355595303","11,6218811174626","9,52622503156645","13,6787514646667","10,8636739357658","1,14621102835192","9,95565599312182","12,5044286357831","7,67739543240073","8,00602999046201","9,60677373409271","18,6665062904358","10,5361682251907","2,40576861454323","9,16630028616256","15,9660848195537","9,51911011250965","8,32510206123599","8,97247201690346","14,1865527170348","3,74741225930401","6,13304845159968","9,29514800129117"
"temp_1990","7,06138283344257","10,3428521629508","11,2219212949756","11,4799428570655","17,7652923540137","8,40155847745812","9,54571125323956","6,75356750406186","2,62161596859984","11,5820883334892","9,51757187176541","14,2956023727922","10,9762301246325","1,47130610932279","9,97005177827389","12,7959546144824","7,45088386283883","7,88472044741521","9,587776273489","19,1935677528381","10,5987973202807","2,64333944065872","9,00076883479938","15,6597687955016","9,75341665592061","8,34462423470556","9,10221484393009","13,8544454660347","3,81228710163922","6,01543116517441","9,43879455621185"
"temp_1991","6,17734925675312","9,21128264395639","9,76694290827054","10,4132653736299","17,5396116519796","7,27615072894898","8,4998335985037","6,33975115944357","2,08850559559268","10,5598853630388","8,42491336876809","13,0987123212858","9,81705976655518","2,19028171902299","9,55502138045427","11,9200020683188","6,81811742621465","7,05031624205126","8,72253234684467","18,2473554611206","9,34517387938655","1,83379857836974","7,78263277761428","15,1816190276901","8,40636202224461","7,33063463288911","8,22193514021681","13,0848258780241","2,8494027501156","5,28624730024734","8,62636012787707"
"temp_1992","7,41253412906229","10,0316924927496","10,6515170166842","11,7841207373527","16,4105803171794","8,58839236414032","9,21072475563767","6,48592607738982","2,37276495731187","10,9432099687075","9,39631639257151","13,4545627159252","11,1444970162018","1,45209914655833","9,41999997877074","12,6959481415473","7,00322925654233","7,39869594678201","9,40119177103043","18,4841051101685","10,3425656299965","1,90805700178441","8,60434618734454","15,0202731051828","9,12081213437272","8,39368044701563","9,48073327183212","13,0100585268736","3,18030936244123","5,92187801870156","8,75903305022534"
"temp_1993","6,74684027098342","9,58529003036538","10,510833889198","11,1659107954271","17,4074261764","7,7041699550932","7,93274998135037","5,15795295036677","1,52916297463559","10,6291099072086","8,51742273288247","13,921795728907","10,3507056685462","1,41937014329462","9,29704510819155","12,5453486865596","5,7197309925035","6,19545568820557","8,83363762497902","18,7457528114319","9,4392060610204","1,08617252298815","7,68808055620463","14,2565279974079","8,57086809178048","7,81969585082158","8,92700562558972","12,5669913093099","2,26558314419961","5,47453719575756","8,38699750152889"
"temp_1994","7,9777948404064","10,630885602257","11,83287280558","12,3412257648283","18,3442983736937","8,95927018710962","8,85953604543311","5,33861684867607","1,59258558769082","11,890644482507","9,7585086583259","14,8581586315933","11,7751306381778","1,22926354232231","9,57670715371041","13,3869324745922","6,05653562213451","6,77188436529024","10,0380545854568","19,4612936973572","10,4731082999369","1,24285707302921","8,74497905457728","15,2125704179875","10,2298346955989","9,06126401416298","10,0704571965426","13,9387115125898","2,25553426993228","6,66670384501696","8,96850865818913"
"temp_1995","6,65669651561233","10,3988386110495","10,3423993051916","11,0618500301915","17,5871654050104","7,92069681485494","8,34495145276061","6,21773178095113","2,0842271219399","11,3804276515326","8,91996766915496","13,787744369681","10,5784432598646","0,657644626203239","10,1847499502488","12,2007720005661","6,59219748064986","6,90866512965635","9,56517958641052","18,7063217163086","10,2129382692391","1,20893141485215","8,04209969988584","16,1766716363373","8,83177056978423","7,95083124175364","8,77431846483583","14,292058954136","2,35260895900482","5,43642123595868","9,23120405475117"
"temp_1996","5,72459496723901","8,58242827335387","9,98267446729488","10,2175425998626","17,9655393951241","6,34130027826408","6,96028890854273","4,54522525973436","1,47914854151477","10,3369239174799","7,21052635293356","13,5402629578676","9,50855312615201","1,93575825252318","9,23255920512812","12,1040269595109","4,99431325213584","5,32478133759212","7,80903758108616","18,650710105896","8,31752073479114","0,926670502582365","6,5298186096906","15,4316971472701","8,25475847123308","6,95768696586696","7,8680710710681","13,2797752191559","1,80159533915381","4,85313388820433","8,26490674010119"
"temp_1997","6,87624431599002","10,1403815351976","9,86051515239064","10,9935925937468","17,4450447915614","7,60603580756776","8,57186623842288","5,84697167192675","1,95675606470565","11,6828647183696","8,91405658239261","13,5295497097381","10,1605027724003","1,74542709813472","10,3808678030583","12,9859004812491","6,29669506371084","6,65330907842501","9,39591670036316","19,2933082580566","10,0303228104037","1,9010022758368","7,79031506822079","16,336381589513","8,26787045632938","7,5293765550568","8,85154099525812","14,2787729662415","3,09166993331639","6,10876632844839","9,47344654181154"
"temp_1998","7,04268034052094","9,96513378104484","10,8403950094601","11,3003032192107","18,4781844588532","8,19631450499477","8,29005160290971","5,38883304938011","0,960956729374675","11,0837451259084","9,09545230569016","14,6956924757094","10,6106504746105","1,16821823637511","10,1720978764595","12,8250304657868","6,04018545301814","6,59284464830909","9,09505897760391","19,0464315414429","10,1634883880615","1,19032642693462","8,15119984830134","15,8597068424597","8,90280898681148","8,16293500617248","9,13138541540874","13,7620550148508","2,17106835699601","5,76297108035229","9,1948128591573"
"temp_1999","6,9989090441241","10,6722576296663","11,4392820577499","11,4567253689612","18,778812035747","8,41153163550218","8,95927768446441","6,56838043177316","2,0637947462185","11,5221762665977","9,56223406186279","14,9169455180611","10,827555678029","1,36636090417374","10,1647811474918","12,9236595533284","7,16185489602175","7,60432850728269","9,71708199381828","19,824471950531","10,7394410675647","1,82280148519924","8,85801596337423","15,5043919060597","9,59987075026877","8,4070018452852","9,16955887708541","13,5832811464012","2,86477033202518","5,69776570095244","9,40120880981851"
"temp_2000","7,81220698993869","10,5116856164908","11,5942345220302","12,508546064746","18,1262714999846","9,10478216573733","9,67412668863932","7,01029660062092","3,34738965176899","11,6339781772275","9,88803164580314","14,5055390674411","11,9196046849956","1,60020605330239","9,74812701033314","13,3665418322882","7,51404182611322","8,01197486314617","9,92189958691597","19,6466116905212","10,7147654011878","2,43669278353041","9,40958922236664","15,6019028924292","9,99906343418019","9,19203739425763","10,2643063979087","13,6770369288868","3,7805122337435","6,2652696860612","9,13187575682638"
"temp_2001","6,72499490883239","10,0388741262693","11,3722105133745","11,6398550671916","18,6933702710031","7,84599747570283","8,78291711073655","6,046362004629","1,83374734440038","11,264060551362","9,06998420911102","14,8654284582472","10,8205101805321","1,84978058070072","9,67469293462961","13,2477200742372","6,62907696777312","7,1050093187009","9,45323005318642","19,8873763084412","10,2188130193806","1,33360616342282","8,21033160787478","15,5853646996223","9,40927419882393","8,07681940343915","9,43381975955718","13,8958944474057","2,50114591161156","5,70934595804547","8,83367814013909"
"temp_2002","7,54734173810812","10,570209983651","11,3027336649273","12,1451728590073","18,3160111767122","8,66924299936168","9,52054163614909","6,25717099325216","1,93710440765231","11,709083511561","9,56737422859898","14,40882360155","11,6962644578754","2,0739241969817","10,0528398961374","13,2583153572965","6,99649172272325","7,64393563713532","9,93161275982857","19,4822869300842","10,6027803753456","2,11287857591072","9,05078341538393","15,7259891927889","9,87890064354173","8,83651610256052","9,98192687300653","13,9432888145656","3,18699886101478","6,27897760051835","9,46483681262395"
"temp_2003","7,28532835259892","10,3765434163217","10,6716473635268","11,8288406648944","18,16247788791","8,37739182004627","9,05667663150363","5,71816558988399","2,30702985042325","12,0163593485891","9,43041170933276","14,4778058641396","10,8336823245753","2,71865978106008","10,1871354654351","13,6012126962489","6,37678766653429","6,77688701139773","10,0361932218075","19,730993270874","10,2931510493127","2,29353368810487","8,21171262155141","16,1330777921284","8,98839958943699","8,30043379060265","9,59875868727721","14,3364038319806","3,19364528031797","6,4662590637651","9,51151185395555"
"temp_2004","6,55077202076524","10,1293396561504","10,8869490019749","11,0903189597591","18,1967783522332","7,87261088178792","9,04942416329669","5,95372723712128","2,42264033930943","11,1329357225004","8,96329767853802","14,343341358539","10,4958016094954","2,35714875893043","10,0358647453259","12,9365622399262","6,30964588086733","6,68813971847784","9,24591767787933","19,2643785476685","10,2295186244325","2,26977884591299","8,17528747885462","15,5798355431464","9,12181108437293","7,87078720838034","8,68787616312248","13,6819845568904","2,9433749296847","5,63302480983263","9,43890076968563"
"temp_2005","6,31899233962857","10,4281515844602","10,5284780647828","10,5589289111476","17,9641676387568","7,77236516103832","9,20498318631425","5,9704373556709","3,12179880503654","11,1562885207249","9,06524446083925","13,9009944396531","10,222356778556","1,68863754972979","10,2482375523759","12,4419787038685","6,29745119149229","6,82779498334791","9,51294326782227","18,9328894615173","10,4596312446012","2,37798168520533","8,22368583620001","15,324311941151","8,71314724924187","7,63960406934323","8,41399920140213","13,6493252627284","3,40734602127282","5,33590565342456","9,45280298150864"
"temp_2006","6,86141854217146","10,8681806777876","10,5097570891542","11,4865902062385","18,1496229610224","8,28502727405498","9,79195183974046","6,56045339028839","2,80169161283999","11,9697461554155","9,62072869443561","11,9832391252323","10,9086838856987","3,56476947655862","10,444851052004","13,3631153825686","7,03348750574662","7,45111731336416","9,94098949432373","20,183883190155","10,9741989335203","2,961707258924","8,64350719542443","15,5999751815051","9,07421316025372","8,26195092185014","9,30071941363453","14,7370008031151","3,82155295730032","6,27605022669447","9,89618400503217"
"temp_2007","7,44095921092769","11,0188981412931","11,7243485723333","12,2471355661269","19,045437483952","9,06999846554677","9,84766505314754","6,81879849139724","3,01384815591928","11,6258729682492","9,8932151508893","14,1705100774045","12,0312530674796","3,4235413773414","10,5794180776639","13,5992166037933","7,22939215592623","7,81171139524283","10,1061298847198","20,0856437683105","11,0023271045394","2,51949668376538","9,26365596735025","14,9110567730058","10,4810846448817","9,29520526994653","9,96755248794228","13,8206144425509","3,51455839986911","6,41607197351298","9,76372905393788"
"temp_2008","7,14438377397819","10,1217713986948","11,3309114267285","12,1907672459079","19,3956676351613","8,85424083841928","9,76355286296616","7,16901447714829","3,00174512512945","11,1769249962933","9,50128987891824","14,1090032975119","11,7972922990288","3,13066927028019","9,80615603115382","13,2346516773235","7,66490197357935","8,10206017051238","9,4166416823864","20,1725678443909","10,3929378513677","2,3560144406208","9,26019802634417","15,2536981338534","10,0552634691948","9,25535854555312","9,73540598435463","13,6258778586752","3,55971787665637","5,97857848888605","9,20248940913931"
"temp_2009","7,02401053640311","10,2022987516175","11,2645360340819","12,0572493437798","19,1988659124265","8,4806083456578","9,16768824911525","5,97606884971411","2,2793663744639","11,5689148768553","9,21477346304303","13,8651649411711","11,6839818539827","3,29270110829104","9,77612576417954","13,3682328915824","6,72678381286428","7,10468968928186","9,59092530608177","20,2331094741821","10,3204298933607","2,09785277795073","8,4490226734114","16,0445799186276","10,1402329367914","8,8724715219063","9,70111179454132","14,4764113131909","2,90271128828112","5,95200528867391","9,38485013735684"
"temp_2010","6,02609465269213","9,02287500808561","11,0651573232599","11,0873417808164","20,1400292275966","7,25902406326006","7,30761655253223","4,95529396598958","1,027354291601","10,4544299436814","7,87908800019124","14,1236449526876","10,5666119218736","3,45099098003902","8,833246925547","12,6085460347042","5,93260324240486","6,49810200936156","8,4075939655304","20,1721711158752","8,88081140040313","0,371235503281058","7,42034396590137","16,2105755506007","9,54977495285463","8,01213544688257","8,71405389482883","13,6176777767756","1,08874530651201","4,84215835544699","8,15695189133063"
"temp_2011","7,30226448737457","10,9303692339638","10,3584170445152","11,9220950434285","18,6909484753664","8,64692681717946","9,26344821636493","6,90214072409456","3,50379335913815","12,309203200658","9,6772187693893","13,4581689541674","11,1906829260398","3,30651200575185","10,1524543505567","13,5367189623452","7,5547569646503","7,86977375843486","10,280157327652","19,7518758773804","10,6889988415122","3,0227558293895","8,80228816209308","16,5694367611486","9,27695981165501","8,69157869596871","9,72994368066092","14,7058116886391","4,03794077083421","6,77376864847052","9,8037407634967"
"temp_2012","7,01407660352077","10,0359811661504","11,5054211113572","12,2704356493488","19,4646882682011","8,4498792042183","8,62713003077059","5,34980537833237","1,68316009392174","11,426691712234","9,1235447558745","14,3119131282257","11,7737866190897","3,39637126161027","9,92569834706088","13,4851843292353","6,37124151413141","6,96162285518125","9,38107046484947","20,5000953674316","10,0965199522463","1,3228070005459","8,36764889038526","15,7741611598629","10,0710386149531","8,89411702042534","9,86168263193875","13,9963681541217","2,38517045923554","5,91904197109445","8,92966208237958"
"temp_2013","6,6466264675284","9,54805114251057","11,5777428418926","11,8461485101331","19,5174746458558","8,08804196878797","8,80133074083899","6,56110982060261","3,30875496099236","10,979359921427","8,77045732858813","14,4090005402613","11,4411580743997","3,06770382078061","9,80975125192698","13,2070201352264","7,2118775414061","7,60867925393777","8,8808209002018","20,7511916160583","9,63479054935098","2,15822180886393","8,44167692925937","15,0361378963495","10,077864810628","8,809208500142","9,52337518782063","13,6446738368135","3,30047960747585","5,37571612350472","8,98026171584323"
"temp_2014","7,77984082772621","11,2893686925485","11,2723089454639","12,6190176671551","19,1440411052485","9,58435033317978","10,3601371585813","6,80463195633854","3,50093274424573","12,3091742829538","10,3501068457675","14,4615577022966","12,4341156543165","4,06727950144014","10,2865643444821","13,8790804040593","7,67472181753221","8,1624784120445","10,5632480680943","21,7963070869446","11,5080657057253","2,96503771764106","9,53383087450248","15,4893866671399","10,2532898127422","10,3474420868621","10,5120672606603","14,5909795818885","4,22440426464707","6,56816831327291","10,0491660344211"
"temp_2015","7,93228394456929","10,701804076139","11,689043868951","12,372303558165","18,9151581402483","9,59296047432342","9,61717079032181","7,33768981566901","3,81063670168987","12,1613375288207","9,99304605201277","14,3736820016171","12,1629706448403","2,69409336600303","9,675546583498","13,9518809010667","8,08876767405235","8,53044369807009","10,1381804049015","21,2506437301636","10,7041752405935","2,59632598550874","9,67836578841799","15,8411397282317","10,5710900748806","9,85613899328271","10,2411633909004","14,7570144099658","3,98915330655833","6,7192304324411","9,33942001819465"
"temp_2016","7,32302722832311","10,459830400598","11,6495962546068","12,0154306319452","19,0344119894093","8,79628523992836","9,51179853096986","6,77620375276125","3,09046883057376","11,689237105811","9,55644465460203","14,2555025542573","11,544300140678","3,84123610973233","10,0071930110262","13,4564260668165","7,47792581419255","7,76258667127682","9,60439869761467","NA","10,5431704635454","2,34603960041913","9,09409480724038","15,704845791525","10,4441892988162","9,18365792109042","9,82395884305111","14,4529382664794","3,43386260166765","6,13508356557209","9,47467633456292"
"temp_2017","7,24893248966196","10,7786045705392","11,5747392473205","12,1817546552227","18,8297156301038","8,75844857986792","9,40562770713089","6,66490400059836","2,52837401099096","11,9915760760055","9,60631514131295","14,2038806679302","11,6265148580938","4,90021926334926","10,2971603991013","13,4848521383051","7,28281113565157","7,72787178696179","9,95182776451111","20,3719177246094","10,7933524885988","1,82510371797942","9,15454564424197","16,4058335039466","10,5659534502693","9,01018581625556","9,84587102488898","14,9915675291371","3,06759830461672","6,20726716925713","9,73311413226782"
"temp_2018","8,03257515424809","11,3733628348236","12,3793755744774","12,6888910993453","19,8418838457129","9,84272646782474","9,90046824267787","7,37973294743848","3,30135281448373","12,6799363361716","10,5097499253654","15,509446243567","12,6175187506538","4,52075448830922","10,1787703917537","14,2248534816933","7,97541710441694","8,40803415371421","10,8189834952354","20,3573422431946","11,2365722178374","2,25366640124151","9,990642764436","15,493174832193","11,127479894444","10,2048723040795","10,3368404065079","14,2285313910943","3,52777586616853","6,94521499665416","10,0944118246259"
"temp_mean","7,01795482347433","10,2673540139045","11,0679219204693","11,7073495957892","18,705857302494","8,34785313116949","9,05379256553945","6,21508480077755","2,4977199395676","11,4861575501295","9,25459651565781","14,1288462250371","11,17287234165","2,65428522332097","9,96162901787971","13,2086200834506","6,83728590175602","7,29010811097728","9,54424038174606","19,9328473567963","10,3102789833927","2,0658460495024","8,55073204534041","15,6913168146866","9,57766221199484","8,59297444118452","9,45296561959183","14,0244374438725","3,10478209705592","5,9555853884369","9,29281489101537"
"d_temp","0,005094853569968","0,003331791438795","0,004535236954281","0,005591160507236","0,00407128022382","0,010091937886074","0,007472977302853","0,011475672794664","0,05050797928877","0,002765488466542","0,005514671052175","-0,00019709926694","0,008288196221889","0,061231517544515","-0,00041586775577","0,003567127521876","0,01367781992434","0,012583488792686","0,004144064041593","0,00569244805176","0,00375520639575","0,044174406166048","0,008928073184672","-0,000118225041989","0,009804216543519","0,012622063693272","0,007186154719302","0,002761662343662","0,025419520403255","0,00541272610774","0,001986691686488"
"uaa_2000",2940200,1389600,5582000,1169000,141500,4280000,2647000,986000,2218000,29807400,17068000,8529000,5854000,1889000,4412000,15637000,1588000,3418000,128000,9000,1956000,1042000,18413000,3956380,14857000,2440000,518000,29766000,2974100,1566000,16964000
"uaa_2001",2916100,1386800,5498000,1178000,140000,4278000,2676000,890000,2222000,29713300,17034000,8438000,5865000,1889000,4410000,15502000,1581000,2896000,128000,10000,1931000,1047000,17788000,3853820,14798000,2255000,510000,29520000,3053900,1562600,16953000
"uaa_2002",2902200,1389100,5325000,1181000,140000,3652030,2665000,698200,2236000,29610700,16967000,8343000,5849000,1887000,4373000,15273000,1595000,2885000,128000,10000,1949000,1046000,16899000,3877720,14818000,2237000,505000,29419000,3139900,1559500,16976000
"uaa_2003",2885230,1392200,5326000,1196000,154000,3668380,2658000,828700,2246000,29534600,17001000,8252000,5865000,1885000,4370000,14907000,1582000,2541000,128000,10400,1923000,1040000,16169000,3813680,14800000,2236000,510000,29153000,3128700,1556200,16956000
"uaa_2004",2867400,1391300,5330000,1176000,156000,3631420,2646000,770400,2253000,29458400,17013000,8080000,5864000,1884000,4305000,14883000,1642000,2604300,128000,10000,1949400,1040000,16327000,3869610,14130000,1934000,492000,29071000,3153200,1553200,17051000
"uaa_2005",2856800,1383000,5265000,1211000,167000,3605490,2707000,881900,2273800,29390400,17031000,8005000,5863000,1882000,4302000,14736000,1734000,2837000,129000,9300,1937700,1036000,15906000,3823890,14180000,1941000,509000,29164000,3201200,1550000,16956000
"uaa_2006",2843300,1380000,5190000,1230000,157000,3565980,2710000,898500,2300800,29312700,16946000,7863000,5809000,1881000,4260000,14203000,1855000,2790700,129000,9200,1919600,1035000,15957000,3757660,14039000,1939000,491000,28613000,3150100,1546800,17838000
"uaa_2007",2830100,1366900,5116000,1202000,147200,3596720,2663000,914600,2294900,29206100,16950000,7753000,5807000,1876000,4276000,14162000,1839000,2695900,131000,9300,1914400,1032000,15469000,3660920,13630000,1930000,498000,28004000,3120900,1543500,17647000
"uaa_2008",2809400,1365300,5101000,1289100,115600,3571590,2668000,906800,2296400,29110100,16921000,7657000,5790000,1876000,4629000,14457200,1825000,2672100,131000,9300,1929300,1024800,15601000,3725860,13634000,1937000,618560,28142000,3075800,1540600,17684000
"uaa_2009",2795000,1363600,5030000,1299600,127600,3545840,2634000,931800,2296500,29019900,16886000,7560000,5783000,1875000,4593920,13982400,1833000,2689000,130700,9300,1917400,1014260,15619000,3695580,13621000,1930000,625120,27970000,3067200,1537500,17325000
"uaa_2010",2779200,1355700,5052000,1333800,114500,3523860,2626000,948800,2291900,28926300,16700000,7489000,5343000,1874000,4568000,14327800,1805000,2772300,131040,10330,1872300,1005900,14449000,3654170,14156000,1944700,623860,27545000,3073700,1534600,17224000
"uaa_2011",2757300,1335700,5088000,1326100,116300,3504030,2690000,946000,2286600,28878600,16719000,7396000,5337000,1873200,4555000,13852600,1816000,2805900,131270,10330,1858400,999000,14779000,3649360,13982000,1929700,620610,27014000,3063100,1531600,17164000
"uaa_2012",2735200,1332000,5123000,1331000,116900,3525890,2624000,955900,2285100,28844800,16664000,7283000,5338000,1872200,4533000,13729000,1841000,2842200,131420,10300,1841700,992800,14529000,3664410,13733000,1927400,611790,26942000,3031500,1528700,17182000
"uaa_2013",2716400,1336500,4995000,1567300,108830,3521000,2628000,965000,2258500,28773700,16697000,7153000,5257000,1872200,4477000,13630000,1877000,2891400,130880,10230,1847600,"987142,8",14410000,3701100,13905000,1893400,610210,26733200,3036080,"1524879,5",17250200
"uaa_2014",2714200,1331300,4977000,1508500,108980,3516000,2652631,974000,2267100,28766500,16725000,6201000,5264000,1872200,4466000,13162000,1872000,2952400,130990,10230,1839100,986760,14424000,3663880,13830000,1889400,614840,26578000,3036070,"1521902,7",17232000
"uaa_2015",2718450,1328000,5011900,1537200,126680,3494000,2633899,993000,2273400,28726900,16731000,6199000,5264000,1872000,4430000,12945000,1884500,3005900,131270,10230,1846000,986030,14371000,3638780,13858000,1888600,616490,26576500,3028350,"1518933,6",17138000
"uaa_2016",2670170,1350800,5021000,1546000,109390,3488000,2625100,1003000,2275000,28718021,16659000,6136000,5282000,1872000,4461000,12812000,1931000,2953900,130651,10380,1815000,983661,14374000,3619030,13521000,1886000,617480,26265700,3020920,"1515973,1","17349981,8"
"uaa_2017",2654620,1327000,5029520,1497000,121420,3521000,2631300,1002000,2270000,28697499,16687000,6102000,5303000,1872000,4489000,12826570,1933000,2935300,131158,10380,1819000,985112,14462000,"3587801,4",13378000,1879000,615040,26295530,3011370,1512999,"17466152,5"
"uaa_2018",2652830,1354000,5030000,1484000,"131886,7",3523000,2632500,1004000,2272000,28660100,16645000,6103600,5296000,1872000,4516000,12405000,1938000,2947000,131559,10380,1822000,986280,14512000,3573990,13414000,1889000,612000,"26183323,9",3000390,"1510075,6","17350861,6"
"uaa_2019",2651210,"1356422,6",5037000,1504000,125194,3523659,2626000,988400,2274000,28621186,16666000,6103600,5278000,1872000,4524000,13120962,1960000,2975000,131592,10380,1816800,981822,14523000,3573990,13826000,1885000,612280,"26206690,6",3004780,"1507155,9","17521296,1"
"uaa_mean","2808038,23529412",1363400,"5178288,23529412","1310682,35294118","132204,705882353",3645190,"2656095,88235294","911329,411764706","2269117,64705882",29164613,"16865411,7647059","7549235,29411765","5613764,70588235","1878341,17647059","4436524,70588235","14247117,6470588","1770617,64705882","2838411,76470588","129895,352941176","9872,35294117647","1896876,47058824","1017550,22352941","15616705,8823529","3742697,05882353","14087764,7058824","2008129,41176471","564232,941176471","28028023,5294118","3079689,41176471","1540734,64117647","17228834,2235294"
"d_uaa","-0,005423917407246","-0,003136570546468","-0,005863867402927","0,022271423539475","-0,020355955102888","-0,008153919277992","-0,000953836937117","0,010553136061726","0,001343177036369","-0,002420632947181","-0,001615941079971","-0,016989325921481","-0,008361552683936","-0,000644079760014","0,002349830231276","-0,0104619573736","0,013800655652689","1,97197076601444E-05","0,001928385416667","0,005373093681917","-0,004410386342676","-0,004443208761431","-0,012421291223272","-0,00468759493849","-0,004887773242163","-0,010893101092896","0,018492079264137","-0,007813222547636","-0,001646543591042","-0,001990312366965","0,001009614130962"
"hico_2007","0,0807711107667","0,350974451359319","0,019837567567568","NA","0,041087450005405","0,081853683276277","0,389424976700839","0,007674680194089","0,02133801152312","0,18641517646566","0,285998154259187","0,070781145801758","0,069812426099108",0,"0,185296955036995","0,107669671498896","0,011058612255008","0,011713843703091","0,233127413127413","0,14890625","0,339517573423207",0,"0,157426666240246","0,03541565465554","0,071550629194631","0,004595757699368","0,066347762998791","0,052125174182454","0,017141455521683",0,"0,250317885144288"
"hico_2008","0,086946673183991","0,35102849656076","0,017064054054054","NA","0,048447735379959","0,102735133764422","0,378636766076421","0,002730921923247","0,020121583690353","0,195753405198083","0,281372252363108","0,083544786298878","0,079062237987746",0,"0,183334661354582","0,086771565437036","0,016037712481035","0,013753484667463","0,212447876447876","0,17903125","0,354364227250843",0,"0,134455193808366","0,036494856092018","0,028676468120805","0,015357740159086","0,062281983071342","0,061800112662694","0,017256300978283",0,"0,151054184967776"
"hico_2009","0,082746933082178","0,342615132656404","0,014831891891892","NA","0,050393470976111","0,06141904399645","0,392267008387698","0,004021614468461","0,024253094991875","0,212583907468215","0,257432350802618","0,077565701727796","0,070574330861013",0,"0,210735059760956","0,099862879011087","0,016996470260396","0,03362037802898","0,198610038610039","0,1720625","0,37222869523351",0,"0,099457656389919","0,034980200725178","0,033413548657718","0,019441362431165","0,077372672309553","0,064475140087165","0,015536381929854",0,"0,198626575263741"
"hico_2010","0,081623171473194","0,350972486079266","0,016858558558559","NA","0,0438428278024","0,083050082414099","0,367771668219944","0,008650198500221","0,019595449844881","0,210815626667541","0,286358856759327","0,071783191876326","0,067242179941954",0,"0,195263090495162","0,108864729581652","0,016861008762424","0,029286217565788","0,226953667953668","0,14678125","0,362796100144439",0,"0,110983273634387","0,035053607675092","0,027992827181208","0,025817458698756","0,069718984280532","0,062328579758269","0,016192793068186",0,"0,159278436845778"
"hico_2011","0,08326565648136","0,357758925646905","0,020126306306306","NA","0,040559939466004","0,111568530493217","0,374667287977633","0,010141817379797","0,018030580587975","0,216121525368475","0,294973264723978","0,085128599575629","0,061833494571644",0,"0,195505549231645","0,106231291526108","0,01463556986717","0,018373770793126","0,25757528957529","0,16175","0,377058979297063",0,"0,075843578099015","0,033215940042678","0,025532005033557","0,02746685702631","0,075442805320435","0,063040232440926","0,018021804892575",0,"0,153883009728665"
"hico_2012","0,082143087065893","0,363150671470685","0,017728828828829","NA","0,045494541130689","0,111078356789654","0,352838769804287","0,008352668725187","0,016393027035013","0,217900824459512","0,313004782146653","0,0935616853592","0,069577340642803",0,"0,218758252703472","0,111012219062532","0,008342415704245","0,02457142419508","0,249455598455598","0,1631875","0,377675252768416",0,"0,083698029934758","0,03503116271404","0,026234647651007","0,029380787273098","0,085825392986699","0,064349788016247","0,021831309490453",0,"0,216240999958951"
"hico_2013","0,092880577975417","0,371729118899443","0,01858009009009","0,035597515697206","0,038728786077181","0,117646760491949","0,354715983224604","0,009835906484341","0,018445442458266","0,22207772174537","0,314194669724258","0,081737571991513","0,074953025905622",0,"0,221135458167331","0,10586283266406","0,007516642412608","0,025931286952792","0,241548262548263","0,14821875","0,38389094848339",0,"0,079499456313164","0,030138594923752","0,021735486577181","0,025491739751173","0,077678839177751","0,063918863095062","0,020288455681339",0,"0,173336562538484"
"hico_2014","0,092983702714625","0,358345889289224","0,021986216216216","0,043834773426589","0,041822505675062","0,105266260935717","0,315295899347623","0,011174459638289","0,01900602747821","0,220834166534629","0,303799261703675","0,09223120642619","0,070940771794045",0,"0,200974957313603","0,100523986241554","0,00728767377775","0,014647703948779","0,227779922779923","0,155375","0,391565479056331",0,"0,072737687092235","0,030964179143318","0,022289513422819","0,032806241076892","0,065838452237001","0,056319902754306","0,02046535061103",0,"0,19961027872419"
"hico_2015","0,097168898055532","0,359778250900753","0,024579369369369","0,051849602034676","0,047146254458977","0,135647394446558","0,317499767008388","0,007346713718571","0,018600797754469","0,216443314083196","0,269966748699592","0,092163231282207","0,067875953993336",0,"0,209110984632897","0,099947363019707","0,006192680434715","0,023925497043777","0,249579150579151","0,139375","0,381689937409726",0,"0,07195074836894","0,033242288475217","0,025533724832215","0,030137874770549","0,052753567110036","0,054094577366658","0,019146207954977",0,"0,197335741554123"
"hico_2016","0,096631457218136","0,356131673763511","0,024854144144144","0,04914468679391","0,049542752134904","0,124330797514898","0,334149580615098","0,009294221438024","0,021386526813414","0,220015571302908","0,266544605402987","0,081609881782358","0,064034827475008",0,"0,2196624928856","0,097256123600899","0,009924606000557","0,016666053977882","0,235664092664093","0,14965625","0,379504092441021",0,"0,063078194959703","0,035205084054753","0,034425880872483","0,023781154395268","0,059446191051995","0,05435676519711","0,018600933308095",0,"0,165632527400353"
"hico_mean","0,087716126801703","0,356248509662627","0,019644702702703","0,045106644488095","0,044706626310669","0,103459604412324","0,357726770736253","0,007922320247023","0,019717054217757","0,211896123929359","0,287364494658538","0,083010700212186","0,069590658927228",0,"0,203977746158224","0,102400266164353","0,011485339195591","0,021248966087676","0,233274131274131","0,156434375","0,372029128550794",0,"0,094913048484073","0,033974156850159","0,031738473154362","0,023427697328166","0,069270665054414","0,059680913556089","0,018448099343648",0,"0,186531620212635"
"d_hico","0,021642111290272","0,004420557908606","0,047901122459932","NA","0,001783376687585","0,069119431919854","-0,02148746324508","0,106388082435656","-0,011491284557309","0,016020408946692","0,00172940620742","0,02112361975305","-0,008085853801379",0,"0,017002684926588","-0,000148922951505","-0,066797768104941","0,005244428943102","0,013103585058225","-0,012673863636363","0,012138318471371",0,"-0,070009620473466","-0,009810025317539","-0,058475880347053","0,158715064788488","-0,013435147416974","-0,006986347836381","0,024434361984489",0,"-0,009962035793793"
"hico_mean_perc","1,08598391143911","1,01502690091225","0,990277796700228","NA","1,0880847145488","1,2639578363642","0,918602534862739","1,03226714946691","0,924034284843911","1,13668923285542","1,00477744481565","1,17277983101149","0,996823385401831","NA","1,10081542417953","0,951059520650652","1,03858774778811","1,81400457665904","1,00062934746605","1,05055613850997","1,09575809228308","NA","0,602903248546395","0,959297722450654","0,443580629710857","5,09767895974793","1,04405426684357","1,14495374820595","1,07622712203824","NA","0,745178955571291"
"for_1990","0,450132929577129","NA","0,29972972972973","NA","0,174154145497784","NA","0,123821062441752","NA","0,646338602452356","0,262909156472472","0,316013199843392","0,249965974537739","0,194980113941739","0,001657281553398","0,065685828116107","0,25125881834945","NA","NA","NA","0,0109375","0,083131921039962","0,314971260040812","0,284060381220417","0,368552766260127","0,267239932885906","NA","NA","0,274830956545801","0,531044331614108","0,279362825102887","0,114034727638438"
"for_1991","0,450877692867106","NA","0,300162162162162","NA","0,175289157928873","NA","0,124756756756757","NA","0,648023666715911","0,264460823148244","0,316164215000839","0,252252114277054","0,196133182844244","0,001781165048544","0,068086511098463","0,253839354584549","NA","NA","NA","0,0109375","0,083473038035628","0,314921932197581","0,284626455161827","0,367273295050398","0,267218959731544","NA","NA","0,28113467144989","0,53123356452991","0,280396479665123","0,114757193875457"
"for_1992","0,451622456157083","NA","0,300594594594595","0,210847819422525","0,176424170359961","NA","0,125692451071761","0,487979267754742","0,649708730979465","0,266012489824017","0,316315230158286","0,254538246438315","0,197286251746748","0,001905048543689","0,07048719408082","0,256419890819647","0,493327553642753","0,30021750451858","NA","0,0109375","0,083814155031295","0,31487260435435","0,285192529103237","0,365993823840669","0,267197986577181","NA","0,578960096735187","0,287438386353978","0,531422797445712","0,281430134227359","0,115479660112475"
"for_1993","0,452367219447061","NA","0,301027027027027","0,211245217035868","0,17755918279105","0,333685938886776","0,126628145386766","0,488706881340979","0,65139379524302","0,26756415649979","0,316466245315734","0,25682438617763","0,198439320649253","0,002028932038835","0,072887877063176","0,259000427054746","0,494380282998421","0,301366295989952","NA","0,0109375","0,084155272026962","0,31482327651112","0,285758603044646","0,36471435263094","0,267177013422819","0,387958188863961","0,581136638452237","0,293742101258067","0,531612030361513","0,282463788789595","0,116202126349493"
"for_1994","0,453111982737038","NA","0,301459459459459","0,211642614649211","0,178694195222138","0,333785723342209","0,127563839701771","0,489434494927217","0,653078859506574","0,269115823175562","0,316617260473181","0,259110518338891","0,199592389551758","0,002152815533981","0,075288560045532","0,261580963289844","0,495433012354089","0,302515087461324","NA","0,0109375","0,084496389022629","0,314773948667889","0,286324676986056","0,363434881421211","0,267156040268456","0,387936365490516","0,583313180169287","0,300045816162155","0,531801263277315","0,283497443351831","0,116924592586511"
"for_1995","0,453856746027015","NA","0,301891891891892","0,212040012262555","0,179829207653227","0,333885507797642","0,128499534016775","0,490162108513454","0,654763923770129","0,270667489851335","0,316768275630628","0,261396658078206","0,200745458454262","0,002276699029126","0,077689243027888","0,264161499524943","0,496485741709756","0,303663878932696","NA","0,0109375","0,084837506018296","0,314724620824658","0,286890750927466","0,362155410211481","0,267135067114094","0,387914542117071","0,585489721886336","0,306349531066244","0,531990496193116","0,284531097914067","0,117647058823529"
"for_1996","0,454601509316992","NA","0,302324324324324","0,212437409875898","0,180964220084315","0,333985292253075","0,12943522833178","0,490889722099691","0,656448988033683","0,272219156527108","0,316919290788075","0,26368279781752","0,201898527356767","0,002400582524272","0,080089926010245","0,266742035760042","0,497538471065424","0,304812670404068","NA","0,0109375","0,085178623013962","0,314675292981427","0,287456824868876","0,360875939001752","0,267114093959732","0,387892718743626","0,587666263603386","0,312653245970332","0,532179729108918","0,285564752476303","0,118369525060548"
"for_1997","0,45534627260697","NA","0,302756756756757","0,212834807489242","0,182099232515404","0,334085076708508","0,130370922646785","0,491617335685929","0,658134052297237","0,27377082320288","0,317070305945523","0,265968929978781","0,203051596259271","0,002524466019417","0,082490608992601","0,26932257199514","0,498591200421092","0,30596146187544","NA","0,0109375","0,085519740009629","0,314625965138196","0,288022898810285","0,359596467792023","0,267093120805369","0,387870895370182","0,589842805320435","0,318956960874421","0,53236896202472","0,286598407038539","0,119091991297566"
"for_1998","0,456091035896947","NA","0,303189189189189","0,213232205102585","0,183234244946492","0,334184861163941","0,131306616961789","0,492344949272166","0,659819116560792","0,275322489878653","0,31722132110297","0,268255069718096","0,204204665161776","0,002648349514563","0,084891291974957","0,271903108230239","0,499643929776759","0,307110253346812","NA","0,0109375","0,085860857005296","0,314576637294965","0,288588972751695","0,358316996582294","0,267072147651007","0,387849071996737","0,592019347037485","0,325260675778509","0,532558194940521","0,287632061600774","0,119814457534584"
"for_1999","0,456835799186924","NA","0,303621621621622","0,213629602715929","0,184369257377581","0,334284645619374","0,132242311276794","0,493072562858403","0,661504180824346","0,276874156554426","0,317372336260417","0,270541201879357","0,20535773406428","0,002772233009709","0,087291974957314","0,274483644465337","0,500696659132427","0,308259044818185","NA","0,0109375","0,086201974000963","0,314527309451734","0,289155046693105","0,357037525372565","0,267051174496644","0,387827248623292","0,594195888754534","0,331564390682598","0,532747427856323","0,28866571616301","0,120536923771602"
"for_2000","0,457580562476901","0,218571896495251","0,304054054054054","0,214027000329272","0,185504269808669","0,334384430074807","0,133178005591799","0,49380017644464","0,663189245087901","0,278425823230198","0,317523351417865","0,272827341618672","0,206510802966785","0,002896116504854","0,08969265793967","0,277064180700436","0,501749388488095","0,309407836289557","0,334749034749035","0,0109375","0,08654309099663","0,314477981608503","0,289721120634514","0,355758054162836","0,267030201342282","0,387805425249847","0,596372430471584","0,337868105586686","0,532936660772125","0,289699370725246","0,12125939000862"
"for_2001","0,457879326172224","0,219311169341631","0,307315315315315","0,214424397942616","0,18563722840774","0,334639153036643","0,133524930102516","0,495942434936039","0,662587560939577","0,280485606106136","0,317677163152302","0,275112678084268","0,207856820380522","0,003040194174757","0,090973534433694","0,279245106250559","0,503779298386847","0,311705419232301","0,335521235521236","0,0109375","0,086879634087626","0,314449423383475","0,290584623257004","0,35544360784858","0,267655201342282","0,388141953905772","0,597049576783555","0,340736873313766","0,532766351147903","0,290632759826197","0,121690406797751"
"for_2002","0,458178089867547","0,220050442188012","0,310576576576577","0,214821795555959","0,18577018700681","0,334893875998479","0,133871854613234","0,498084693427437","0,661985876791254","0,282545388982074","0,317830974886739","0,277398022127918","0,20920283779426","0,00318427184466","0,092254410927718","0,281426031800681","0,505809208285599","0,314003002175045","0,336293436293436","0,0109375","0,087216177178623","0,314420865158446","0,291448125879493","0,355129161534325","0,268280201342282","0,388478482561697","0,597726723095526","0,343605641040845","0,532596041523682","0,291566148927147","0,122121423586881"
"for_2003","0,45847685356287","0,220789715034392","0,313837837837838","0,215219193169303","0,18590314560588","0,335148598960314","0,134218779123952","0,500226951918835","0,661384192642931","0,284605171858012","0,317984786621176","0,279683358593513","0,210548855207997","0,003328349514563","0,093535287421742","0,283606957350804","0,507839118184351","0,316300585117789","0,337065637065637","0,0109375","0,08755272026962","0,314392306933418","0,292311628501983","0,354814715220069","0,268905201342282","0,388815011217622","0,598403869407497","0,346474408767925","0,53242573189946","0,292499538028098","0,122552440376011"
"for_2004","0,458775617258193","0,221528987880773","0,317099099099099","0,215616590782646","0,186036104204951","0,33540332192215","0,134565703634669","0,502369210410234","0,660782508494608","0,286664954733949","0,318138598355613","0,281968702637163","0,211894872621735","0,003472427184466","0,094816163915766","0,285787882900927","0,509869028083104","0,318598168060534","0,337837837837838","0,0109375","0,087889263360616","0,314363748708389","0,293175131124472","0,354500268905814","0,269530201342282","0,389151539873547","0,599081015719468","0,349343176495004","0,532255422275239","0,293432927129049","0,122983457165141"
"for_2005","0,459074380953516","0,222268260727154","0,32036036036036","0,21601398839599","0,186169062804021","0,335658044883986","0,134912628145387","0,504511468901632","0,660180824346285","0,288724737609887","0,31829241009005","0,284254039102758","0,213240890035472","0,003616504854369","0,096097040409789","0,287968808451049","0,511898937981856","0,320895751003278","0,338610038610039","0,0109375","0,088225806451613","0,314335190483361","0,294038633746962","0,354185822591558","0,270155201342282","0,389488068529472","0,599758162031439","0,352211944222084","0,532085112651017","0,294366316229999","0,123414473954271"
"for_2006","0,459373144648839","0,223007533573534","0,323621621621622","0,216411386009333","0,186302021403092","0,335912767845822","0,135259552656104","0,50665372739303","0,659579140197961","0,290784520485825","0,318446221824487","0,286539375568354","0,21458690744921","0,003760582524272","0,097377916903813","0,290149734001172","0,513928847880608","0,323193333946022","0,339382239382239","0,0109375","0,08856234954261","0,314306632258332","0,294902136369451","0,353871376277303","0,270780201342282","0,389824597185397","0,60043530834341","0,355080711949163","0,531914803026796","0,29529970533095","0,123845490743401"
"for_2007","0,459671908344162","0,223746806419915","0,326882882882883","0,216808783622677","0,186434980002162","0,336167490807658","0,135606477166822","0,508795985884429","0,658977456049638","0,292844303361762","0,318600033558924","0,288824719612004","0,215932924862947","0,003904660194175","0,098658793397837","0,292330659551295","0,51595875777936","0,325490916888766","0,34015444015444","0,0109375","0,088898892633606","0,314278074033304","0,295765638991941","0,353556929963047","0,271405201342282","0,390161125841322","0,601112454655381","0,357949479676243","0,531744493402574","0,2962330944319","0,124276507532531"
"for_2008","0,459970672039485","0,224486079266295","0,330144144144144","0,21720618123602","0,186567938601232","0,336422213769494","0,13595340167754","0,510938244375827","0,658375771901315","0,2949040862377","0,318753845293361","0,291110056077599","0,217278942276685","0,004048737864078","0,099939669891861","0,294511585101417","0,517988667678112","0,327788499831511","0,340926640926641","0,0109375","0,089235435724603","0,314249515808276","0,29662914161443","0,353242483648792","0,272030201342282","0,390497654497247","0,601789600967352","0,360818247403323","0,531574183778353","0,297166483532851","0,124707524321662"
"for_2009","0,460269435734808","0,225225352112676","0,333405405405405","0,217603578849364","0,186700897200303","0,33667693673133","0,136300326188257","0,513080502867225","0,657774087752992","0,296963869113638","0,318907657027798","0,293395400121249","0,218624959690422","0,004192815533981","0,101220546385885","0,29669251065154","0,520018577576865","0,330086082774255","0,341698841698842","0,0109375","0,089571978815599","0,314220957583247","0,29749264423692","0,352928037334536","0,272655201342282","0,390834183153171","0,602466747279323","0,363687015130402","0,531403874154131","0,298099872633802","0,125138541110792"
"for_2010","0,460568199430131","0,225964624959057","0,336666666666667","0,218000976462707","0,186833855799373","0,336931659693166","0,136647250698975","0,515222761358624","0,657172403604668","0,299023651989575","0,319061468762235","0,295680736586845","0,21997097710416","0,004336893203884","0,102501422879909","0,298873436201663","0,522048487475617","0,332383665716999","0,342471042471042","0,0109375","0,089908521906596","0,314192399358219","0,298356146859409","0,352613591020281","0,273280201342282","0,391170711809097","0,603143893591294","0,366555782857482","0,53123356452991","0,299033261734752","0,125569557899922"
"for_2011","0,460997150657495","0,225927284638061","0,338396396396396","0,218046393332803","0,186805750729651","0,337210853302904","0,138426840633737","0,518971768857521","0,658159255429162","0,300542536975015","0,31911740030203","0,295680736586845","0,220281199613028","0,004404660194175","0,103477233921457","0,300654751066809","0,522646685450661","0,332904451184021","0,342471042471042","0,0109375","0,089492055849783","0,314394903135693","0,298938211590124","0,353914748182717","0,276518120805369","0,391327350601673","0,603240628778718","0,366578868827023","0,530881591306519","0,299865901000208","0,12635770288576"
"for_2012","0,461426101884858","0,225889944317065","0,340126126126126","0,2180918102029","0,186777645659929","0,337490046912641","0,1402064305685","0,522720776356418","0,659146107253656","0,302061421960454","0,319173331841826","0,295680736586845","0,220591422121896","0,004472427184466","0,104453044963005","0,302436065931956","0,523244883425705","0,333425236651043","0,342471042471042","0,0109375","0,089075589792971","0,314597406913167","0,299520276320839","0,355215905345154","0,279756040268456","0,391483989394248","0,603337363966143","0,366601954796565","0,530529618083128","0,300698540265665","0,127145847871598"
"for_2013","0,461855053112221","0,225852603996069","0,341855855855856","0,218137227072996","0,186749540590206","0,337769240522379","0,141986020503262","0,526469783855315","0,66013295907815","0,303580306945894","0,319229263381621","0,295680736586845","0,220901644630764","0,004540194174757","0,105428856004553","0,304217380797103","0,523843081400749","0,333946022118065","0,342471042471042","0,0109375","0,088659123736158","0,314799910690642","0,300102341051554","0,35651706250759","0,282993959731544","0,391640628186824","0,603434099153567","0,366625040766106","0,530177644859737","0,301531179531121","0,127933992857436"
"for_2014","0,462284004339584","0,225815263675074","0,343585585585586","0,218182643943093","0,186721435520484","0,338048434132116","0,143765610438024","0,530218791354213","0,661119810902644","0,305099191931333","0,319285194921416","0,295680736586845","0,221211867139632","0,004607961165049","0,106404667046101","0,305998695662249","0,524441279375793","0,334466807585087","0,342471042471042","0,0109375","0,088242657679345","0,315002414468116","0,300684405782269","0,357818219670027","0,286231879194631","0,3917972669794","0,603530834340992","0,366648126735648","0,529825671636346","0,302363818796577","0,128722137843274"
"for_2015","0,462712955566948","0,225777923354078","0,345315315315315","0,218228060813189","0,186693330450762","0,338327627741854","0,145545200372787","0,53396779885311","0,662106662727138","0,306618076916773","0,319341126461211","0,295680736586845","0,2215220896485","0,00467572815534","0,107380478087649","0,307780010527396","0,525039477350838","0,334987593052109","0,342471042471042","0,0109375","0,087826191622533","0,31520491824559","0,301266470512984","0,359119376832463","0,289469798657718","0,391953905771976","0,603627569528416","0,366671212705189","0,529473698412955","0,303196458062033","0,129510282829112"
"for_2016","0,463142145233014","0,225777923354078","0,346036036036036","0,218468792933135","0,186585234028754","0,338512742487638","0,145540540540541","0,534020732245258","0,662106662727138","0,308136961902212","0,319341126461211","0,295680509245226","0,221297430936257","0,00472427184466","0,108473249857712","0,309561391602581","0,525638604204725","0,335447109640658","0,342471042471042","0,011875","0,088050072219547","0,315407422023065","0,301746194192145","0,359119376832463","0,290648070469799","0,392284315725066","0,602645707376058","0,366751460167808","0,529473698412955","0,304029581701699","0,129674479701162"
"for_2017","0,463570142705564","0,225777923354078","0,347207207207207","0,219319019449775","0,186563614744352","0,338742234056042","0,145759552656104","0,537803264225849","0,662106662727138","0,309655846887652","0,319341126461211","0,295680509245226","0,221140492314307","0,004794174757282","0,109564598747866","0,311342772677766","0,526237731058612","0,336366142817756","0,342471042471042","0,013125","0,08827636013481","0,315609925800539","0,302129973135474","0,359119376832463","0,290648070469799","0,392800326330818","0,601659008464329","0,366831707630427","0,529473698412955","0,304862705341364","0,129879725791224"
"for_2018","0,463998140178114","0,225777923354078","0,348378378378378","0,219603056555357","0,18654199545995","0,338971725624445","0,145983224603914","0,537803264225849","0,662106662727138","0,311174731873091","0,319341126461211","0,295680509245226","0,220995377835107","0,004858252427184","0,11013375071144","0,31312415375295","0,5268368579125","0,336672487210122","0,342471042471042","0,014375","0,088500240731825","0,315812429578013","0,302513752078803","0,359119376832463","0,290648070469799","0,392800326330818","0,600677146311971","0,366916501131568","0,529473698412955","0,305695828981029","0,130249168753335"
"for_2019","0,464426137650663","0,225777923354078","0,34954954954955","0,21988691199346","0,186520376175549","0,339201217192849","0,146202236719478","0,537803264225849","0,662106662727138","0,312693616858531","0,319341126461211","0,295680509245226","0,220839514135225","0,004921359223301","0,110702902675014","0,314905534828135","0,527435984766387","0,336978831602488","0,342471042471042","0,014375","0,088726528647087","0,316014933355488","0,302897531022131","0,359119376832463","0,290648070469799","0,392800326330818","0,599690447400242","0,36700129463271","0,529473698412955","0,306528952620695","0,130618611715447"
"for_mean","0,457669601670484","0,223528930078419","0,318371705038372","0,215328739568313","0,183733690451883","0,335728936858121","0,134067645231438","0,505608125275695","0,657924979344835","0,28521952501759","0,317912282773293","0,277904241464866","0,21011646979668","0,003309421071557","0,091021258879825","0,282482129726799","0,510073567204384","0,318757467144564","0,339972745855099","0,010972222222222","0,086981445817507","0,314614330305777","0,292694815193856","0,357988896149667","0,272177060029828","0,389587718403698","0,596391197097944","0,337266103206787","0,531565072563888","0,292216950526548","0,122213404242057"
"d_for","0,001021541181619","0,002227387658195","0,006843757065979","0,001590672270965","0,002400949024106","0,000664918220565","0,005546135304708","0,004045472052257","0,000586756091389","0,006502909701497","0,000435265319887","0,007160380221448","0,005454847121644","0,043526053415427","0,01798901315844","0,00814628000935","0,003048033607861","0,005471439451637","0,001554831852003","0,000680272108844","0,00270095998886","-6,22949520827134E-06","0,002491804843058","-0,001163877268723","0,002888836910986","0,000575226668173","0,001629321854139","0,010682028710651","-0,000137326327718","0,003287617597337","0,004748636603748"
"farmsize_2005","4,99632014719411","1,5","93,2664165103189",0,"108,638888888889","3,32449297971919","0,081423401688782","5,51101321585903","0,466415094339623","0,711154481309113","1,02517730496454","90,0099857346648","50,3652694610778",0,"0,387478849407783","32,8513723459347","13,6470588235294","22,0101694915254","0,459459459459459",0,"2,07015902712816","1,93308550185874","84,0685990338164","23,3546511627907","270,124367317426","22,8084291187739","147,741935483871","5,62456105146985","0,555851063829787","6,15384615384615","0,92078410311493"
"farmsize_2007","4,82890070921986","1,28782707622298","73,7689822294023","74,4395604395604","90,5789473684211","2,88127853881279","0,082514734774067","3,22007722007722","0,444365698086463","0,634578301025069","0,964034676663543","91,295358649789","41,1382716049383",0,"0,360158311345646","30,7101449275362","8,60314341846758","20,2133526850508","0,36036036036036",0,"1,76344086021505","1,50967741935484","68,8003384094755","20,2126144455748","239,663888888889","19,8965517241379","113,923076923077","5,3117216841273","0,581939799331104","5,49411764705882","0,392186021360011"
"farmsize_2010","4,11170212765957","0,964601769911504","38,6401425178147","56,6847133757962","100,970588235294","0,473684210526316","0,105","2,29893238434164","0,394270122783083","0,67317606623965","0,304434537775692","78,4871794871795","33,1024531024531","0,030172413793103","0,376373626373626","26,3317673378076","5,26930320150659","13,5735805330243","0,333333333333333",0,"1,67548500881834","1,26704545454545","31,0841827104568","21,9216809933142","163,089108910891","5,02006688963211","94,1666666666667","4,85317383754582","0,481764705882353","4,47179487179487","0,173335179288384"
"farmsize_2013","3,73893805309735","0,580275229357798","23,1853070175439","27,5050505050505","98,65625","0,645980253878702","0,088989441930618","2,01020408163265","0,183015141540487","0,564971455507254","0,254509252752401","78,2616279069767","26,5151089248067",0,"0,388933121019108","13,0706713780919","6,04293381037567","9,34049079754601","0,304761904761905",0,"1,43873179091688","1,04102564102564","24,4403553299492","17,7859813084112","161,316617502458","3,98709677419355","81,4528301886792","4,77353114560817","0,439777640518839",0,"0,159428182437032"
"farmsize_mean","4,41896525929272","1,08317601887307","57,2152120687699","39,6573310801018","99,711168623151","1,83135899573425","0,089481894598367","3,26005672547764","0,372016514187414","0,645970076020271","0,637038943039044","84,5135379446525","37,780275773319","0,007543103448276","0,378235977036541","25,7409889973426","8,39060981346981","16,2843983767866","0,364478764478764",0,"1,73695417176961","1,43770850419617","52,0983688709245","20,8187319775227","208,548495654916","12,9280361266844","109,321127315573","5,14074692968779","0,514833302390521","4,02993966817496","0,411433371550089"
"d_farmsize","-0,03353032308784","-0,076313386779686","-0,096864506234054","Inf","-0,005111283636576","-0,115993871110302","0,019956684226183","-0,073492427257946","-0,073278253562232","-0,020460839976663","-0,108009007446876","-0,020128811607795","-0,057697926288702","Inf","0,002816748322375","-0,07328022994415","-0,067718608476162","-0,07571940966119","-0,038003772937747","NA","-0,034703061834745","-0,054656412714172","-0,094814406077485","-0,023255133018731","-0,054690975805114","-0,115878307881047","-0,053322390829012","-0,019514228948706","-0,030917853939531","-0,11983826864079","-0,095896593863742"
